[
    {
        "id": 1,
        "title": "Understanding JavaScript Closures",
        "author": "Alice Johnson",
        "content": "Closures are a powerful feature in JavaScript that allows functions to access variables from an outer function scope. This is particularly useful for creating private variables or for maintaining state between function calls. Closures provide a way to create functions with private variables. For example, you can use closures to create a counter function that maintains its own state. They are also used in event handlers and callback functions to access variables from the enclosing scope. Understanding closures can help you write more efficient and concise code. Additionally, closures enable you to create factory functions that return new instances of functions with their own private state. Learning closures is essential for mastering JavaScript, as they are fundamental to many advanced concepts in the language.",
        "summary": "This post explains the concept of closures in JavaScript, detailing how they allow functions to access outer scope variables, create private variables, and maintain state. It also covers practical uses such as counter functions, event handlers, and factory functions."
    },
    {
        "id": 2,
        "title": "A Beginner's Guide to CSS Grid",
        "author": "Bob Smith",
        "content": "CSS Grid Layout is a two-dimensional layout system for the web. It lets you layout items in rows and columns, making it much easier to design web pages without having to use floats and positioning. CSS Grid allows for more flexible and responsive layouts, enabling you to create complex designs with minimal code. By using grid templates and areas, you can define the structure of your layout and place elements precisely where you want them. Grid also provides powerful alignment options, allowing you to align items both horizontally and vertically. Mastering CSS Grid will significantly enhance your web design skills and enable you to create modern, responsive layouts.",
        "summary": "This guide introduces the CSS Grid Layout, explaining how it facilitates the design of web pages using a two-dimensional layout system. It highlights the benefits of flexible, responsive layouts and discusses grid templates, areas, and alignment options."
    },
    {
        "id": 3,
        "title": "Exploring Python's Pandas Library",
        "author": "Carol Williams",
        "content": "Pandas is a powerful, open-source data analysis and manipulation library for Python. It provides data structures like DataFrame that allow you to easily manipulate numerical tables and time series data. With Pandas, you can handle missing data, perform data cleaning and preprocessing, and conduct exploratory data analysis. Pandas integrates well with other libraries in the Python ecosystem, making it a popular choice for data scientists and analysts. The library also supports data visualization, allowing you to create insightful charts and graphs to present your findings. Learning Pandas will enable you to efficiently work with large datasets and unlock the full potential of your data analysis projects.",
        "summary": "This post explores the Pandas library in Python, describing its capabilities for data analysis and manipulation. It covers DataFrame usage, handling missing data, data cleaning, and integration with other libraries, along with data visualization features."
    },
    {
        "id": 4,
        "title": "Mastering Git and GitHub",
        "author": "David Brown",
        "content": "Git is a distributed version control system that allows multiple people to work on a project without interfering with each other. GitHub is a web-based platform that uses Git and provides additional features like issue tracking and collaboration tools. Using Git, you can track changes to your codebase, create branches for new features, and merge changes seamlessly. GitHub enhances this workflow by providing a centralized platform for sharing code, collaborating with others, and managing projects. Understanding Git and GitHub is essential for modern software development, enabling you to work efficiently in a team environment. Additionally, GitHub provides powerful tools for continuous integration and deployment, allowing you to automate your development pipeline.",
        "summary": "This post covers the essentials of Git and GitHub, explaining how Git's distributed version control system works and how GitHub enhances collaboration. It discusses tracking changes, branching, merging, and the benefits of GitHub's CI/CD tools."
    },
    {
        "id": 5,
        "title": "Introduction to React Hooks",
        "author": "Eva Green",
        "content": "React Hooks are functions that let you use state and other React features without writing a class. Hooks like useState and useEffect make it easier to manage state and side effects in functional components. With Hooks, you can simplify your component logic and reuse stateful logic across different components. The useState hook allows you to add state to functional components, making them more powerful and flexible. The useEffect hook lets you perform side effects, such as data fetching and subscriptions, in your components. Understanding Hooks is crucial for modern React development, enabling you to write cleaner and more maintainable code.",
        "summary": "This post introduces React Hooks, explaining how they allow functional components to use state and other React features. It details the useState and useEffect hooks, and how they simplify component logic and enable the reuse of stateful logic."
    }
]
